{"materials":[{"id":552,"path":"Resources/unity_builtin_extra\\Sprites-Default","assetBundleId":-2,"data":["Sprites-Default",0,26,3000,0,[["PixelSnap",0],["_EnableExternalAlpha",0]],[["_Color",1,1,1,1],["_RendererColor",1,1,1,1]],[["_MainTex_ST",1,1,0,0],["_Flip",1,1,1,1],["_AlphaTex_ST",1,1,0,0]],[["_MainTex",null,null],["_AlphaTex",null,null]],[]]},{"id":752,"path":"Resources/unity_builtin_extra\\Sprites-Mask","assetBundleId":-2,"data":["Sprites-Mask",0,312,3000,0,[["_Cutoff",0],["_EnableExternalAlpha",0],["PixelSnap",0]],[["_Color",1,1,1,0.215686276555061]],[["_MainTex_ST",1,1,0,0],["_AlphaTex_ST",1,1,0,0]],[["_MainTex",null,null],["_AlphaTex",null,null]],[]]},{"id":770,"path":"Resources/unity_builtin_extra\\Default-ParticleSystem","assetBundleId":-2,"data":["Default-ParticleSystem",0,178,3000,0,[["_Cutoff",0.5],["_BumpScale",1],["_DistortionStrength",1],["_DistortionBlend",0.5],["_SoftParticlesNearFadeDistance",0],["_SoftParticlesFarFadeDistance",1],["_CameraNearFadeDistance",1],["_CameraFarFadeDistance",2],["_Mode",2],["_ColorMode",0],["_FlipbookMode",0],["_LightingEnabled",0],["_DistortionEnabled",0],["_EmissionEnabled",0],["_BlendOp",0],["_SrcBlend",5],["_DstBlend",10],["_ZWrite",0],["_Cull",2],["_SoftParticlesEnabled",0],["_CameraFadingEnabled",0],["_DistortionStrengthScaled",0]],[["_Color",1,1,1,1],["_EmissionColor",0,0,0,1]],[["_MainTex_ST",1,1,0,0],["_BumpMap_ST",1,1,0,0],["_EmissionMap_ST",1,1,0,0],["_SoftParticleFadeParams",0,0,0,0],["_CameraFadeParams",0,1e9999,0,0],["_ColorAddSubDiff",0,0,0,0]],[["_MainTex",10,768],["_BumpMap",null,null],["_EmissionMap",null,null]],[["_ALPHABLEND_ON",1]]]},{"id":762,"path":"Resources/unity_builtin_extra\\Default-Skybox","assetBundleId":-2,"data":["Default-Skybox",0,152,1000,0,[["_SunDisk",1],["_SunSize",0.0399999991059303],["_SunSizeConvergence",5],["_AtmosphereThickness",1],["_Exposure",1.29999995231628]],[["_SkyTint",0.5,0.5,0.5,1],["_GroundColor",0.368999987840652,0.349000006914139,0.340999990701675,1]],[],[],[["_SUNDISK_SIMPLE",1]]]}],"shaders":[{"id":296,"assetBundleId":-2,"data":[[],"Mobile/Particles/Additive",null,["FOG_EXP","FOG_EXP2","FOG_LINEAR","STEREO_CUBEMAP_RENDER_ON","STEREO_INSTANCING_ON","STEREO_MULTIVIEW_ON","UNITY_SINGLE_PASS_STEREO","_"],[[0,0,"",0,"",0,[4,null],[0,null],[0,null],[[5,null],[1,null],[0,null]],[[5,null],[1,null],[0,null]],[15,null],[0,null],[0,null],[0,null],[255,null],[255,null],[[0,null],[0,null],[0,null],[8,null]],[[0,null],[0,null],[0,null],[8,null]],[[0,null],[0,null],[0,null],[8,null]],[["IGNOREPROJECTOR","true"],["PreviewType","Plane"],["QUEUE","Transparent"],["RenderType","Transparent"]],["FOG_EXP","FOG_EXP2","FOG_LINEAR","STEREO_CUBEMAP_RENDER_ON","STEREO_INSTANCING_ON","STEREO_MULTIVIEW_ON","UNITY_SINGLE_PASS_STEREO","_"],[[["_","FOG_LINEAR","FOG_EXP","FOG_EXP2"],0]],[[0,0,[],0,1,0,0]],[],0]],[],[["_MainTex",4,0,0,0,0,"white",0]],null,null,0,0,0]},{"id":152,"assetBundleId":-2,"data":[[],"Skybox/Procedural",null,["_SUNDISK_HIGH_QUALITY","_SUNDISK_NONE","_SUNDISK_SIMPLE","STEREO_CUBEMAP_RENDER_ON","STEREO_INSTANCING_ON","STEREO_MULTIVIEW_ON","UNITY_SINGLE_PASS_STEREO"],[[0,0,"",0,"",0,[4,null],[0,null],[0,null],[[1,null],[0,null],[0,null]],[[1,null],[0,null],[0,null]],[15,null],[0,null],[0,null],[0,null],[255,null],[255,null],[[0,null],[0,null],[0,null],[8,null]],[[0,null],[0,null],[0,null],[8,null]],[[0,null],[0,null],[0,null],[8,null]],[["PreviewType","Skybox"],["QUEUE","Background"],["RenderType","Background"]],["STEREO_CUBEMAP_RENDER_ON","STEREO_INSTANCING_ON","STEREO_MULTIVIEW_ON","UNITY_SINGLE_PASS_STEREO","_SUNDISK_HIGH_QUALITY","_SUNDISK_NONE","_SUNDISK_SIMPLE"],[[["_SUNDISK_NONE","_SUNDISK_SIMPLE","_SUNDISK_HIGH_QUALITY"],0]],[[0,0,["_SUNDISK_NONE"],2,3,0,0],[0,0,["_SUNDISK_SIMPLE"],4,5,0,0],[0,0,["_SUNDISK_HIGH_QUALITY"],6,7,0,0],[0,0,["_SUNDISK_NONE","_SUNDISK_SIMPLE"],2,3,0,0],[0,0,["_SUNDISK_HIGH_QUALITY","_SUNDISK_SIMPLE"],4,5,0,0]],[],0]],[],[["_SunDisk",2,2,0,0,0,"",0],["_SunSize",3,0.0399999991059303,0,1,0,"",0],["_SunSizeConvergence",3,5,1,10,0,"",0],["_AtmosphereThickness",3,1,0,5,0,"",0],["_SkyTint",0,0.5,0.5,0.5,1,"",0],["_GroundColor",0,0.368999987840652,0.349000006914139,0.340999990701675,1,"",0],["_Exposure",3,1.29999995231628,0,8,0,"",0]],null,null,0,0,0]},{"id":26,"assetBundleId":-2,"data":[[],"Sprites/Default",null,["PIXELSNAP_ON","ETC1_EXTERNAL_ALPHA","INSTANCING_ON","STEREO_CUBEMAP_RENDER_ON","STEREO_INSTANCING_ON","STEREO_MULTIVIEW_ON","UNITY_SINGLE_PASS_STEREO","_","__"],[[0,0,"",0,"",0,[4,null],[0,null],[0,null],[[1,null],[10,null],[0,null]],[[1,null],[10,null],[0,null]],[15,null],[0,null],[0,null],[0,null],[255,null],[255,null],[[0,null],[0,null],[0,null],[8,null]],[[0,null],[0,null],[0,null],[8,null]],[[0,null],[0,null],[0,null],[8,null]],[["CanUseSpriteAtlas","true"],["IGNOREPROJECTOR","true"],["PreviewType","Plane"],["QUEUE","Transparent"],["RenderType","Transparent"]],["ETC1_EXTERNAL_ALPHA","INSTANCING_ON","PIXELSNAP_ON","STEREO_CUBEMAP_RENDER_ON","STEREO_INSTANCING_ON","STEREO_MULTIVIEW_ON","UNITY_SINGLE_PASS_STEREO","_","__"],[[["_","ETC1_EXTERNAL_ALPHA"],0],[["__","INSTANCING_ON"],0],[["_","PIXELSNAP_ON"],0]],[[0,0,[],8,9,0,0],[0,0,["PIXELSNAP_ON"],10,9,0,0]],[],0]],[],[["_MainTex",4,0,0,0,0,"white",2],["_Color",0,1,1,1,1,"",0],["PixelSnap",2,0,0,0,0,"",0],["_RendererColor",0,1,1,1,1,"",1],["_Flip",1,1,1,1,1,"",1],["_AlphaTex",4,0,0,0,0,"white",2],["_EnableExternalAlpha",2,0,0,0,0,"",2]],null,null,0,0,0]},{"id":178,"assetBundleId":-2,"data":[[],"Particles/Standard Unlit",null,["SHADOWS_DEPTH","_ALPHABLEND_ON","_ALPHAMODULATE_ON","_ALPHAPREMULTIPLY_ON","_ALPHATEST_ON","_REQUIRE_UV2","FOG_EXP","FOG_EXP2","FOG_LINEAR","_COLORADDSUBDIFF_ON","_COLORCOLOR_ON","_COLOROVERLAY_ON","_EMISSION","_FADING_ON","_NORMALMAP","INSTANCING_ON","PROCEDURAL_INSTANCING_ON","SHADOWS_CUBE","STEREO_CUBEMAP_RENDER_ON","STEREO_INSTANCING_ON","STEREO_MULTIVIEW_ON","UNITY_SINGLE_PASS_STEREO","__","_","EFFECT_BUMP","SOFTPARTICLES_ON"],[[0,0,"",0,"_GrabTexture",0,[0,null],[0,null],[0,null],[[1,null],[0,null],[0,null]],[[1,null],[0,null],[0,null]],[15,null],[0,null],[0,null],[0,null],[0,null],[0,null],[[0,null],[0,null],[0,null],[0,null]],[[0,null],[0,null],[0,null],[0,null]],[[0,null],[0,null],[0,null],[0,null]],[["LIGHTMODE","GRABPASS"]],[],[],[],[],0],[1,0,"ShadowCaster",8,"",0,[4,null],[1,null],[0,null],[[1,null],[0,null],[0,null]],[[1,null],[0,null],[0,null]],[14,null],[0,null],[0,null],[0,null],[255,null],[255,null],[[0,null],[0,null],[0,null],[8,null]],[[0,null],[0,null],[0,null],[8,null]],[[0,null],[0,null],[0,null],[8,null]],[["IGNOREPROJECTOR","true"],["LIGHTMODE","SHADOWCASTER"],["PerformanceChecks","False"],["PreviewType","Plane"],["RenderType","Opaque"],["SHADOWSUPPORT","true"]],["INSTANCING_ON","PROCEDURAL_INSTANCING_ON","SHADOWS_CUBE","SHADOWS_DEPTH","STEREO_CUBEMAP_RENDER_ON","STEREO_INSTANCING_ON","STEREO_MULTIVIEW_ON","UNITY_SINGLE_PASS_STEREO","_ALPHABLEND_ON","_ALPHAMODULATE_ON","_ALPHAPREMULTIPLY_ON","_ALPHATEST_ON","_REQUIRE_UV2","__","_"],[[["__","INSTANCING_ON","PROCEDURAL_INSTANCING_ON"],0],[["_","_ALPHATEST_ON","_ALPHABLEND_ON","_ALPHAPREMULTIPLY_ON","_ALPHAMODULATE_ON"],0],[["_","_REQUIRE_UV2"],0],[["SHADOWS_DEPTH"],0],[["SHADOWS_CUBE"],0]],[[1,0,["SHADOWS_DEPTH"],11,12,0,0],[1,0,["SHADOWS_DEPTH","_ALPHABLEND_ON"],13,14,0,0]],[],0],[2,0,"",0,"",0,[4,null],[0,"_ZWrite"],[0,"_Cull"],[[0,"_SrcBlend"],[0,"_DstBlend"],[0,"_BlendOp"]],[[0,"_SrcBlend"],[0,"_DstBlend"],[0,"_BlendOp"]],[14,null],[0,null],[0,null],[0,null],[255,null],[255,null],[[0,null],[0,null],[0,null],[8,null]],[[0,null],[0,null],[0,null],[8,null]],[[0,null],[0,null],[0,null],[8,null]],[["IGNOREPROJECTOR","true"],["PerformanceChecks","False"],["PreviewType","Plane"],["RenderType","Opaque"]],["EFFECT_BUMP","FOG_EXP","FOG_EXP2","FOG_LINEAR","INSTANCING_ON","PROCEDURAL_INSTANCING_ON","SOFTPARTICLES_ON","STEREO_CUBEMAP_RENDER_ON","STEREO_INSTANCING_ON","STEREO_MULTIVIEW_ON","UNITY_SINGLE_PASS_STEREO","_ALPHABLEND_ON","_ALPHAMODULATE_ON","_ALPHAPREMULTIPLY_ON","_ALPHATEST_ON","_COLORADDSUBDIFF_ON","_COLORCOLOR_ON","_COLOROVERLAY_ON","_EMISSION","_FADING_ON","_NORMALMAP","_REQUIRE_UV2","__","_"],[[["__","INSTANCING_ON","PROCEDURAL_INSTANCING_ON"],0],[["_","_REQUIRE_UV2"],0]],[[2,0,[],15,16,0,0],[2,0,["_ALPHABLEND_ON"],15,17,0,0]],[],0]],[],[["_MainTex",4,0,0,0,0,"white",0],["_Color",0,1,1,1,1,"",0],["_Cutoff",3,0.5,0,1,0,"",0],["_BumpScale",2,1,0,0,0,"",0],["_BumpMap",4,0,0,0,0,"bump",0],["_EmissionColor",0,0,0,0,1,"",0],["_EmissionMap",4,0,0,0,0,"white",0],["_DistortionStrength",2,1,0,0,0,"",0],["_DistortionBlend",3,0.5,0,1,0,"",0],["_SoftParticlesNearFadeDistance",2,0,0,0,0,"",0],["_SoftParticlesFarFadeDistance",2,1,0,0,0,"",0],["_CameraNearFadeDistance",2,1,0,0,0,"",0],["_CameraFarFadeDistance",2,2,0,0,0,"",0],["_Mode",2,0,0,0,0,"",1],["_ColorMode",2,0,0,0,0,"",1],["_FlipbookMode",2,0,0,0,0,"",1],["_LightingEnabled",2,0,0,0,0,"",1],["_DistortionEnabled",2,0,0,0,0,"",1],["_EmissionEnabled",2,0,0,0,0,"",1],["_BlendOp",2,0,0,0,0,"",1],["_SrcBlend",2,1,0,0,0,"",1],["_DstBlend",2,0,0,0,0,"",1],["_ZWrite",2,1,0,0,0,"",1],["_Cull",2,2,0,0,0,"",1],["_SoftParticlesEnabled",2,0,0,0,0,"",1],["_CameraFadingEnabled",2,0,0,0,0,"",1],["_SoftParticleFadeParams",1,0,0,0,0,"",1],["_CameraFadeParams",1,0,0,0,0,"",1],["_ColorAddSubDiff",1,0,0,0,0,"",1],["_DistortionStrengthScaled",2,0,0,0,0,"",1]],0,70,0,0,0]},{"id":164,"assetBundleId":-2,"data":[[],"Legacy Shaders/Particles/Alpha Blended",null,["FOG_EXP","FOG_EXP2","FOG_LINEAR","SOFTPARTICLES_ON","STEREO_CUBEMAP_RENDER_ON","STEREO_INSTANCING_ON","STEREO_MULTIVIEW_ON","UNITY_SINGLE_PASS_STEREO","__"],[[0,0,"",0,"",0,[4,null],[0,null],[0,null],[[5,null],[10,null],[0,null]],[[5,null],[10,null],[0,null]],[14,null],[0,null],[0,null],[0,null],[255,null],[255,null],[[0,null],[0,null],[0,null],[8,null]],[[0,null],[0,null],[0,null],[8,null]],[[0,null],[0,null],[0,null],[8,null]],[["IGNOREPROJECTOR","true"],["PreviewType","Plane"],["QUEUE","Transparent"],["RenderType","Transparent"]],["FOG_EXP","FOG_EXP2","FOG_LINEAR","SOFTPARTICLES_ON","STEREO_CUBEMAP_RENDER_ON","STEREO_INSTANCING_ON","STEREO_MULTIVIEW_ON","UNITY_SINGLE_PASS_STEREO","__"],[[["__","SOFTPARTICLES_ON"],0],[["__","FOG_LINEAR","FOG_EXP","FOG_EXP2"],0]],[[0,0,[],18,19,0,0]],[],0]],[],[["_TintColor",0,0.5,0.5,0.5,0.5,"",0],["_MainTex",4,0,0,0,0,"white",0],["_InvFade",3,1,0.00999999977648258,3,0,"",0]],null,null,0,0,0]},{"id":28,"assetBundleId":-2,"data":[[],"UI/Default",null,["UNITY_UI_ALPHACLIP","UNITY_UI_CLIP_RECT","STEREO_CUBEMAP_RENDER_ON","STEREO_INSTANCING_ON","STEREO_MULTIVIEW_ON","UNITY_SINGLE_PASS_STEREO","_"],[[0,0,"Default",0,"",0,[0,"unity_GUIZTestMode"],[0,null],[0,null],[[1,null],[10,null],[0,null]],[[1,null],[10,null],[0,null]],[0,"_ColorMask"],[0,null],[0,null],[0,"_Stencil"],[0,"_StencilReadMask"],[0,"_StencilWriteMask"],[[0,"_StencilOp"],[0,null],[0,null],[0,"_StencilComp"]],[[0,null],[0,null],[0,null],[8,null]],[[0,null],[0,null],[0,null],[8,null]],[["CanUseSpriteAtlas","true"],["IGNOREPROJECTOR","true"],["PreviewType","Plane"],["QUEUE","Transparent"],["RenderType","Transparent"]],["STEREO_CUBEMAP_RENDER_ON","STEREO_INSTANCING_ON","STEREO_MULTIVIEW_ON","UNITY_SINGLE_PASS_STEREO","UNITY_UI_ALPHACLIP","UNITY_UI_CLIP_RECT","_"],[[["_","UNITY_UI_CLIP_RECT"],0],[["_","UNITY_UI_ALPHACLIP"],0]],[[0,0,[],20,21,0,0],[0,0,["UNITY_UI_ALPHACLIP"],20,22,0,0],[0,0,["UNITY_UI_CLIP_RECT"],20,23,0,0],[0,0,["UNITY_UI_ALPHACLIP","UNITY_UI_CLIP_RECT"],20,24,0,0]],[],0]],[],[["_MainTex",4,0,0,0,0,"white",2],["_Color",0,1,1,1,1,"",0],["_StencilComp",2,8,0,0,0,"",0],["_Stencil",2,0,0,0,0,"",0],["_StencilOp",2,0,0,0,0,"",0],["_StencilWriteMask",2,255,0,0,0,"",0],["_StencilReadMask",2,255,0,0,0,"",0],["_ColorMask",2,15,0,0,0,"",0],["_UseUIAlphaClip",2,0,0,0,0,"",0]],null,null,0,0,0]},{"id":298,"assetBundleId":-2,"data":[[],"Mobile/Particles/Alpha Blended",null,["FOG_EXP","FOG_EXP2","FOG_LINEAR","STEREO_CUBEMAP_RENDER_ON","STEREO_INSTANCING_ON","STEREO_MULTIVIEW_ON","UNITY_SINGLE_PASS_STEREO","_"],[[0,0,"",0,"",0,[4,null],[0,null],[0,null],[[5,null],[10,null],[0,null]],[[5,null],[10,null],[0,null]],[15,null],[0,null],[0,null],[0,null],[255,null],[255,null],[[0,null],[0,null],[0,null],[8,null]],[[0,null],[0,null],[0,null],[8,null]],[[0,null],[0,null],[0,null],[8,null]],[["IGNOREPROJECTOR","true"],["PreviewType","Plane"],["QUEUE","Transparent"],["RenderType","Transparent"]],["FOG_EXP","FOG_EXP2","FOG_LINEAR","STEREO_CUBEMAP_RENDER_ON","STEREO_INSTANCING_ON","STEREO_MULTIVIEW_ON","UNITY_SINGLE_PASS_STEREO","_"],[[["_","FOG_LINEAR","FOG_EXP","FOG_EXP2"],0]],[[0,0,[],25,1,0,0]],[],0]],[],[["_MainTex",4,0,0,0,0,"white",0]],null,null,0,0,0]},{"id":312,"assetBundleId":-2,"data":[[],"Sprites/Mask",null,["PIXELSNAP_ON","ETC1_EXTERNAL_ALPHA","STEREO_CUBEMAP_RENDER_ON","STEREO_INSTANCING_ON","STEREO_MULTIVIEW_ON","UNITY_SINGLE_PASS_STEREO","_"],[[0,0,"",0,"",0,[4,null],[0,null],[0,null],[[1,null],[0,null],[0,null]],[[1,null],[0,null],[0,null]],[0,null],[0,null],[0,null],[0,null],[255,null],[255,null],[[0,null],[0,null],[0,null],[8,null]],[[0,null],[0,null],[0,null],[8,null]],[[0,null],[0,null],[0,null],[8,null]],[["CanUseSpriteAtlas","true"],["IGNOREPROJECTOR","true"],["PreviewType","Plane"],["QUEUE","Transparent"],["RenderType","Transparent"]],["ETC1_EXTERNAL_ALPHA","PIXELSNAP_ON","STEREO_CUBEMAP_RENDER_ON","STEREO_INSTANCING_ON","STEREO_MULTIVIEW_ON","UNITY_SINGLE_PASS_STEREO","_"],[[["_","ETC1_EXTERNAL_ALPHA"],0],[["_","PIXELSNAP_ON"],0]],[[0,0,[],45,46,0,0],[0,0,["PIXELSNAP_ON"],47,46,0,0]],[],0]],[],[["_MainTex",4,0,0,0,0,"white",2],["_AlphaTex",4,0,0,0,0,"white",2],["_Cutoff",3,0,0,1,0,"",1],["_Color",0,1,1,1,0.200000002980232,"",0],["_EnableExternalAlpha",2,0,0,0,0,"",2],["PixelSnap",2,0,0,0,0,"",0]],null,null,0,0,0]},{"id":46,"assetBundleId":-2,"data":[[],"Hidden/BlitCopy",null,["STEREO_CUBEMAP_RENDER_ON","STEREO_INSTANCING_ON","STEREO_MULTIVIEW_ON","UNITY_SINGLE_PASS_STEREO"],[[0,0,"",0,"",0,[8,null],[0,null],[0,null],[[1,null],[0,null],[0,null]],[[1,null],[0,null],[0,null]],[15,null],[0,null],[0,null],[0,null],[255,null],[255,null],[[0,null],[0,null],[0,null],[8,null]],[[0,null],[0,null],[0,null],[8,null]],[[0,null],[0,null],[0,null],[8,null]],[],["STEREO_CUBEMAP_RENDER_ON","STEREO_INSTANCING_ON","STEREO_MULTIVIEW_ON","UNITY_SINGLE_PASS_STEREO"],[],[[0,0,[],52,53,0,0]],[],0]],[],[["_MainTex",4,0,0,0,0,"",0],["_Color",0,1,1,1,1,"",0]],null,null,0,0,0]},{"id":70,"assetBundleId":-2,"data":[[],"Legacy Shaders/VertexLit",null,["FOG_EXP","FOG_EXP2","FOG_LINEAR","POINT","SPOT","SHADOWS_DEPTH","STEREO_CUBEMAP_RENDER_ON","STEREO_INSTANCING_ON","STEREO_MULTIVIEW_ON","UNITY_SINGLE_PASS_STEREO","_","__","INSTANCING_ON","SHADOWS_CUBE"],[[0,0,"",1,"",0,[4,null],[1,null],[2,null],[[1,null],[0,null],[0,null]],[[1,null],[0,null],[0,null]],[15,null],[0,null],[0,null],[0,null],[255,null],[255,null],[[0,null],[0,null],[0,null],[8,null]],[[0,null],[0,null],[0,null],[8,null]],[[0,null],[0,null],[0,null],[8,null]],[["LIGHTMODE","Vertex"],["RenderType","Opaque"]],["FOG_EXP","FOG_EXP2","FOG_LINEAR","POINT","SPOT","STEREO_CUBEMAP_RENDER_ON","STEREO_INSTANCING_ON","STEREO_MULTIVIEW_ON","UNITY_SINGLE_PASS_STEREO","_"],[[["_","FOG_LINEAR","FOG_EXP","FOG_EXP2"],0],[["_","POINT","SPOT"],0]],[[0,0,[],54,55,0,0],[0,0,["POINT"],56,55,0,0],[0,0,["SPOT"],57,55,0,0]],[],0],[1,0,"",2,"",0,[4,null],[1,null],[2,null],[[1,null],[0,null],[0,null]],[[1,null],[0,null],[0,null]],[15,null],[0,null],[0,null],[0,null],[255,null],[255,null],[[0,null],[0,null],[0,null],[8,null]],[[0,null],[0,null],[0,null],[8,null]],[[0,null],[0,null],[0,null],[8,null]],[["LIGHTMODE","VertexLM"],["RenderType","Opaque"]],["FOG_EXP","FOG_EXP2","FOG_LINEAR","STEREO_CUBEMAP_RENDER_ON","STEREO_INSTANCING_ON","STEREO_MULTIVIEW_ON","UNITY_SINGLE_PASS_STEREO","__"],[[["__","FOG_LINEAR","FOG_EXP","FOG_EXP2"],0]],[[1,0,[],58,59,0,0]],[],0],[2,0,"ShadowCaster",8,"",0,[4,null],[1,null],[2,null],[[1,null],[0,null],[0,null]],[[1,null],[0,null],[0,null]],[15,null],[0,null],[0,null],[0,null],[255,null],[255,null],[[0,null],[0,null],[0,null],[8,null]],[[0,null],[0,null],[0,null],[8,null]],[[0,null],[0,null],[0,null],[8,null]],[["LIGHTMODE","SHADOWCASTER"],["RenderType","Opaque"],["SHADOWSUPPORT","true"]],["INSTANCING_ON","SHADOWS_CUBE","SHADOWS_DEPTH","STEREO_CUBEMAP_RENDER_ON","STEREO_INSTANCING_ON","STEREO_MULTIVIEW_ON","UNITY_SINGLE_PASS_STEREO","__"],[[["__","INSTANCING_ON"],0],[["SHADOWS_DEPTH"],0],[["SHADOWS_CUBE"],0]],[[2,0,["SHADOWS_DEPTH"],11,12,0,0]],[],0]],[],[["_Color",0,1,1,1,1,"",0],["_SpecColor",0,1,1,1,1,"",0],["_Emission",0,0,0,0,0,"",0],["_Shininess",3,0.699999988079071,0.00999999977648258,1,0,"",0],["_MainTex",4,0,0,0,0,"white",0]],null,null,0,0,0]}],"textures":[{"id":768,"type":0,"path":"Resources/unity_builtin_extra\\Default-ParticleSystem","assetBundleId":-2,"data":["Default-ParticleSystem",64,64,7,1,1,0,4,1,0,1,8,0,0,1,1]}],"cubemaps":[{"id":29426,"type":2,"path":"Assets/Scenes/Oursource_2.unity/PrefilteredEnvironment.exr","assetBundleId":-2,"data":["",-493260,8,0,128,0,2,[0,0,0.25,0.5,0,0.5,0.25,1,0.25,0,0.5,0.5,0.25,0.5,0.5,1,0.5,0,0.75,0.5,0.75,0,1,0.5,0.5,0.5,0.625,0.75,0.5,0.75,0.625,1,0.625,0.5,0.75,0.75,0.625,0.75,0.75,1,0.75,0.5,0.875,0.75,0.875,0.5,1,0.75,0.75,0.75,0.8125,0.875,0.75,0.875,0.8125,1,0.8125,0.75,0.875,0.875,0.8125,0.875,0.875,1,0.875,0.75,0.9375,0.875,0.9375,0.75,1,0.875,0.875,0.875,0.90625,0.9375,0.875,0.9375,0.90625,1,0.90625,0.875,0.9375,0.9375,0.90625,0.9375,0.9375,1,0.9375,0.875,0.96875,0.9375,0.96875,0.875,1,0.9375,0.9375,0.9375,0.953125,0.96875,0.9375,0.96875,0.953125,1,0.953125,0.9375,0.96875,0.96875,0.953125,0.96875,0.96875,1,0.96875,0.9375,0.984375,0.96875,0.984375,0.9375,1,0.96875,0.96875,0.96875,0.9765625,0.984375,0.96875,0.984375,0.9765625,1,0.9765625,0.96875,0.984375,0.984375,0.9765625,0.984375,0.984375,1,0.984375,0.96875,0.9921875,0.984375,0.9921875,0.96875,1,0.984375,0.984375,0.984375,0.98828125,0.9921875,0.984375,0.9921875,0.98828125,1,0.98828125,0.984375,0.9921875,0.9921875,0.98828125,0.9921875,0.9921875,1,0.9921875,0.984375,0.99609375,0.9921875,0.99609375,0.984375,1,0.9921875,0.9921875,0.9921875,0.994140625,0.99609375,0.9921875,0.99609375,0.994140625,1,0.994140625,0.9921875,0.99609375,0.99609375,0.994140625,0.99609375,0.99609375,1,0.99609375,0.9921875,0.998046875,0.99609375,0.998046875,0.9921875,1,0.99609375],1,1]}],"resources":[{"id":0,"assetBundleId":-2,"data":[[["unity_builtin_extra",0,26],["unity_builtin_extra",8,552],["unity_builtin_extra",0,298],["vfx/vfx_confetti",12,28634],["unity_builtin_extra",0,296],["vfx/vfx_click",12,28636],["vfx/vfx_bombexplosion",12,28638],["unity_builtin_extra",0,164],["vfx/vfx_boltexplosion",12,28640],["unity_builtin_extra",0,178],["unity_builtin_extra",10,768],["unity_builtin_extra",8,770],["unity_builtin_extra",0,312],["unity_builtin_extra",8,752],["unity_builtin_extra",0,152],["unity_builtin_extra",8,762],["unity_builtin_extra",0,28],["challenge/77",12,29224],["fonts & materials/liberationsans sdf",63,23738],["fonts & materials/liberationsans sdf",10,23742],["fonts & materials/liberationsans sdf",8,23740],["fonts & materials/liberationsans sdf - fallback",10,23934],["fonts & materials/liberationsans sdf - fallback",8,23932],["fonts & materials/liberationsans sdf - fallback",63,23930],["fonts & materials/liberationsans sdf - drop shadow",8,23822],["fonts & materials/liberationsans sdf - outline",8,23782],["levels/1",12,29238],["levels/13",12,29230],["levels/14",12,29222],["levels/18",12,29234],["levels/2",12,29236],["levels/21",12,29240],["levels/key",12,29232],["levels/24",12,29228],["levels/31",12,29242],["levels/bolt",12,29226],["levels/level",12,29220],["linebreaking following characters",62,29218],["linebreaking leading characters",62,29216],["sprite assets/emojione",64,23768],["sprite assets/emojione",8,101750],["style sheets/default style sheet",65,23746]],[28672,28704,28896,28704,28898,28704,28900,28704,28902,28704,372950,-492798,28532,28704,28534,28704,28680,28704,28544,28704,-492804,-492798,-492808,-492798,-492812,-492798,-492816,-492798,28700,28704,28656,28654,28922,28654,28924,28654,28926,28654,28928,28654,371770,369512,28648,28654,28944,28654,28652,28654,28940,28654,28650,28654,28938,28654,28644,28654,28942,28654,-492838,369512,-492846,369512,-492854,369512,-492862,369512,28646,28654,28920,28654,28658,28654,371768,369512,28630,28628,28632,28628,28752,28634,28760,28634,28762,28634,28764,28634,28786,28636,28794,28636,28796,28636,28812,28638,28820,28638,28822,28638,28824,28638,28826,28638,28854,28640,28862,28640,28864,28640,28866,28640,28868,28640,28690,28686,28688,28686,367908,-492798,369856,-492798,28612,28618,28964,28618,28592,28618,28980,28618,29052,28618,28600,28618,28966,28618,28594,28618,28996,28618,29058,28618,28590,28618,28968,28618,28574,28618,28976,28618,29046,28618,28564,28618,28970,28618,28558,28618,28986,28618,29056,28618,28602,28618,28972,28618,28566,28618,29002,28618,29054,28618,28596,28618,28604,28618,28616,28618,28588,28618,28620,28618,28610,28618,28568,28618,370582,368828,28552,28618,-492878,368828,28572,28618,28586,28618,-492886,368828,-492896,368828,29014,28618,29016,28618,-492898,368828,-492892,368828,-492902,368828,28562,28618,28578,28618,-492910,368828,-492920,368828,29036,28618,29038,28618,-492922,368828,-492916,368828,-492926,368828,28608,28618,28560,28618,-492934,368828,-492944,368828,29028,28618,29030,28618,-492946,368828,-492940,368828,-492950,368828,28570,28618,28598,28618,-492958,368828,-492968,368828,29020,28618,29022,28618,-492970,368828,-492964,368828,-492974,368828,28582,28618,28606,28618,-492982,368828,-492992,368828,29024,28618,29026,28618,-492994,368828,-492988,368828,28580,28618,28584,28618,28556,28618,28614,28618,28576,28618,-492872,368828,-492998,368828,-493004,368828,-493010,368828,-493016,368828,-493022,368828,367966,-492798,374228,-492798,95208,29224,95602,29224,96464,29224,95604,29224,96370,29224,95600,29224,95204,29224,95210,29224,95436,29224,95888,29224,95438,29224,96212,29224,95434,29224,95212,29224,95476,29224,96248,29224,95478,29224,96412,29224,95474,29224,95214,29224,95610,29224,96064,29224,95612,29224,96596,29224,95608,29224,95216,29224,95636,29224,96398,29224,95638,29224,96308,29224,95634,29224,95218,29224,95500,29224,96384,29224,95502,29224,96018,29224,95498,29224,95220,29224,95420,29224,96488,29224,95422,29224,96102,29224,95418,29224,95222,29224,95412,29224,95878,29224,95414,29224,96206,29224,95410,29224,95224,29224,95516,29224,96588,29224,95518,29224,96336,29224,95514,29224,95226,29224,95428,29224,96442,29224,95430,29224,96624,29224,95426,29224,95228,29224,95338,29224,96554,29224,95340,29224,95848,29224,95336,29224,95230,29224,95548,29224,96620,29224,95550,29224,96502,29224,95546,29224,95232,29224,95370,29224,96534,29224,95372,29224,96538,29224,95374,29224,95856,29224,95368,29224,95234,29224,95592,29224,96460,29224,95594,29224,95974,29224,95596,29224,96546,29224,95590,29224,95236,29224,95388,29224,96570,29224,95390,29224,96602,29224,95386,29224,95290,29224,95292,29224,95294,29224,95296,29224,95298,29224,95300,29224,95302,29224,95304,29224,95306,29224,95308,29224,95310,29224,95312,29224,95314,29224,95316,29224,95318,29224,95320,29224,95322,29224,95324,29224,95240,29224,95468,29224,95910,29224,95470,29224,96550,29224,95466,29224,95242,29224,95362,29224,96506,29224,95364,29224,96190,29224,95360,29224,95244,29224,95628,29224,96230,29224,95630,29224,96046,29224,95626,29224,95246,29224,95354,29224,95884,29224,95356,29224,95926,29224,95352,29224,95248,29224,95452,29224,96406,29224,95454,29224,96054,29224,95450,29224,95250,29224,95564,29224,96032,29224,95566,29224,96328,29224,95568,29224,96216,29224,95570,29224,96366,29224,95562,29224,95252,29224,95618,29224,96358,29224,95620,29224,96050,29224,95622,29224,96438,29224,95616,29224,95254,29224,95484,29224,96136,29224,95486,29224,95970,29224,95482,29224,95256,29224,95556,29224,96224,29224,95558,29224,96530,29224,95554,29224,95258,29224,95524,29224,96474,29224,95526,29224,96116,29224,95522,29224,95260,29224,95346,29224,95870,29224,95348,29224,96584,29224,95344,29224,95262,29224,95396,29224,96120,29224,95398,29224,96592,29224,95394,29224,95264,29224,95576,29224,95852,29224,95578,29224,96322,29224,95574,29224,95266,29224,95330,29224,95916,29224,95332,29224,96542,29224,95328,29224,95268,29224,95444,29224,96446,29224,95446,29224,96294,29224,95442,29224,95270,29224,95492,29224,96362,29224,95494,29224,96332,29224,95490,29224,95272,29224,95508,29224,95906,29224,95510,29224,96340,29224,95506,29224,95274,29224,95380,29224,95954,29224,95382,29224,96140,29224,95378,29224,95276,29224,95404,29224,96468,29224,95406,29224,96402,29224,95402,29224,95278,29224,95532,29224,96154,29224,95534,29224,95946,29224,95530,29224,95280,29224,95540,29224,95920,29224,95542,29224,96220,29224,95538,29224,95282,29224,95460,29224,95874,29224,95462,29224,95950,29224,95458,29224,95284,29224,95584,29224,96268,29224,95586,29224,95942,29224,95582,29224,95642,29224,95644,29224,95646,29224,95648,29224,95650,29224,95652,29224,95654,29224,95656,29224,95658,29224,95660,29224,95662,29224,95664,29224,95666,29224,95668,29224,95670,29224,95672,29224,95674,29224,95676,29224,95678,29224,95680,29224,95682,29224,95684,29224,95238,29224,95286,29224,97544,29238,97552,29238,97564,29238,97582,29238,97562,29238,97548,29238,97550,29238,97554,29238,97556,29238,97612,29230,97618,29230,97724,29230,97748,29230,97726,29230,97776,29230,97722,29230,97630,29230,97716,29230,97782,29230,97718,29230,97772,29230,97714,29230,97640,29230,97698,29230,97736,29230,97700,29230,97732,29230,97696,29230,97616,29230,97620,29230,97622,29230,97624,29230,97626,29230,97628,29230,97632,29230,97634,29230,97636,29230,97638,29230,97642,29230,97644,29230,97646,29230,97648,29230,97854,29222,97860,29222,97988,29222,98088,29222,97990,29222,98072,29222,97992,29222,98050,29222,97986,29222,97868,29222,97904,29222,98056,29222,97906,29222,98006,29222,97908,29222,98018,29222,97902,29222,97876,29222,97924,29222,98064,29222,97926,29222,98038,29222,97922,29222,97882,29222,97914,29222,98060,29222,97916,29222,98068,29222,97918,29222,98024,29222,97912,29222,97858,29222,97862,29222,97864,29222,97866,29222,97870,29222,97872,29222,97874,29222,97878,29222,97880,29222,97884,29222,97886,29222,97888,29222,97890,29222,97892,29222,97894,29222,97896,29222,97898,29222,98220,29234,98376,29234,98210,29234,98222,29234,98396,29234,98230,29234,98360,29234,98232,29234,98368,29234,98234,29234,98424,29234,98236,29234,98364,29234,98238,29234,98448,29234,98240,29234,98428,29234,98242,29234,98408,29234,98248,29234,98388,29234,98252,29234,98404,29234,98264,29234,98412,29234,98266,29234,98392,29234,98268,29234,98416,29234,98270,29234,98356,29234,98272,29234,98384,29234,98274,29234,98400,29234,98276,29234,98380,29234,98278,29234,98372,29234,98280,29234,98420,29234,98282,29234,98444,29234,98214,29234,98216,29234,98218,29234,98224,29234,98226,29234,98228,29234,98244,29234,98246,29234,98250,29234,98254,29234,98256,29234,98258,29234,98260,29234,98262,29234,98284,29234,98286,29234,98288,29234,98290,29234,98292,29234,98754,29236,98764,29236,98806,29236,98876,29236,98808,29236,98844,29236,98804,29236,98774,29236,98814,29236,98848,29236,98816,29236,98854,29236,98812,29236,98758,29236,98760,29236,98762,29236,98766,29236,98768,29236,98770,29236,98772,29236,98776,29236,98778,29236,98780,29236,98782,29236,98926,29240,98936,29240,99076,29240,98938,29240,99072,29240,98940,29240,99068,29240,99182,29240,99066,29240,98946,29240,99056,29240,99114,29240,99054,29240,98952,29240,99062,29240,99128,29240,99060,29240,98958,29240,99040,29240,99140,29240,99042,29240,99132,29240,99038,29240,98968,29240,99048,29240,99156,29240,99050,29240,99152,29240,99046,29240,98982,29232,99104,29232,98976,29240,99300,29232,98988,29240,99222,29232,99220,29232,99218,29240,98930,29240,98932,29240,98934,29240,98942,29240,98944,29240,98948,29240,98950,29240,98954,29240,98956,29240,98960,29240,98962,29240,98964,29240,98966,29240,98970,29240,98972,29240,98974,29240,98978,29240,98980,29240,99322,29228,99332,29228,99454,29228,99576,29228,99452,29228,99338,29228,99446,29228,99538,29228,99448,29228,99562,29228,99444,29228,99348,29228,99460,29228,99568,29228,99462,29228,99582,29228,99458,29228,99358,29228,99438,29228,99524,29228,99440,29228,99550,29228,99436,29228,99368,29228,99430,29228,99572,29228,99432,29228,99588,29228,99428,29228,99326,29228,99328,29228,99330,29228,99334,29228,99336,29228,99340,29228,99342,29228,99344,29228,99346,29228,99350,29228,99352,29228,99354,29228,99356,29228,99360,29228,99362,29228,99364,29228,99366,29228,99370,29228,99372,29228,99374,29228,99376,29228,99378,29228,99698,29242,99718,29242,100000,29242,100382,29242,100002,29242,100520,29242,100004,29242,100798,29242,100006,29242,100770,29242,100008,29242,100664,29242,99998,29242,99740,29242,100014,29242,100402,29242,100016,29242,100468,29242,100018,29242,100440,29242,100012,29242,99754,29242,100102,29242,100726,29242,100104,29242,100472,29242,100106,29242,100582,29242,100108,29242,100600,29242,100110,29242,100428,29242,100100,29242,99776,29242,100116,29242,100444,29242,100118,29242,100386,29242,100120,29242,100612,29242,100122,29242,100718,29242,100124,29242,100464,29242,100114,29242,99798,29242,100130,29242,100590,29242,100132,29242,100706,29242,100134,29242,100432,29242,100128,29242,99812,29242,100140,29242,100790,29242,100142,29242,100760,29242,100144,29242,100814,29242,100146,29242,100714,29242,100148,29242,100810,29242,100138,29242,99838,29242,100206,29242,100722,29242,100208,29242,100640,29242,100210,29242,100484,29242,100212,29242,100394,29242,100214,29242,100778,29242,100204,29242,99856,29242,100066,29242,100740,29242,100068,29242,100630,29242,100070,29242,100586,29242,100072,29242,100506,29242,100074,29242,100498,29242,100076,29242,100398,29242,100078,29242,100524,29242,100064,29242,99858,29242,100024,29242,100476,29242,100026,29242,100652,29242,100028,29242,100802,29242,100030,29242,100480,29242,100032,29242,100516,29242,100034,29242,100558,29242,100036,29242,100676,29242,100022,29242,99860,29242,100084,29242,100538,29242,100086,29242,100406,29242,100088,29242,100782,29242,100090,29242,100550,29242,100092,29242,100528,29242,100094,29242,100794,29242,100096,29242,100532,29242,100082,29242,99862,29242,100178,29242,100574,29242,100180,29242,100510,29242,100182,29242,100806,29242,100184,29242,100660,29242,100186,29242,100460,29242,100176,29242,99864,29242,100192,29242,100452,29242,100194,29242,100566,29242,100196,29242,100420,29242,100198,29242,100764,29242,100200,29242,100634,29242,100190,29242,99866,29242,100042,29242,100624,29242,100044,29242,100456,29242,100046,29242,100448,29242,100048,29242,100502,29242,100050,29242,100744,29242,100052,29242,100710,29242,100054,29242,100656,29242,100056,29242,100774,29242,100058,29242,100570,29242,100060,29242,100692,29242,100040,29242,99868,29242,100154,29242,100836,29242,100156,29242,100786,29242,100158,29242,100390,29242,100160,29242,100554,29242,100162,29242,100596,29242,100164,29242,100578,29242,100166,29242,100562,29242,100168,29242,100748,29242,100170,29242,100424,29242,100172,29242,100436,29242,100152,29242,99702,29242,99704,29242,99706,29242,99708,29242,99710,29242,99712,29242,99714,29242,99716,29242,99720,29242,99722,29242,99724,29242,99726,29242,99728,29242,99730,29242,99732,29242,99734,29242,99736,29242,99738,29242,99742,29242,99744,29242,99746,29242,99748,29242,99750,29242,99752,29242,99756,29242,99758,29242,99760,29242,99762,29242,99764,29242,99766,29242,99768,29242,99770,29242,99772,29242,99774,29242,99778,29242,99780,29242,99782,29242,99784,29242,99786,29242,99788,29242,99790,29242,99792,29242,99794,29242,99796,29242,99800,29242,99802,29242,99804,29242,99806,29242,99808,29242,99810,29242,99814,29242,99816,29242,99818,29242,99820,29242,99822,29242,99824,29242,99826,29242,99828,29242,99830,29242,99832,29242,99834,29242,99836,29242,99840,29242,99842,29242,99844,29242,99846,29242,99848,29242,99850,29242,99852,29242,99854,29242,101696,29226,101702,29226,101704,29226,101688,29226,101698,29226,101708,29226,101736,29220,101742,29220]]}],"project-settings":[{"id":-1,"assetBundleId":-2,"data":[[["UnityEngine.U2D.CinemachinePixelPerfect",-1],["UnityEngine.EventSystems.EventSystem",-1000],["UnityEngine.UI.ToggleGroup",10]],[[0,"Default",0],[2011905915,"Bar",1],[-321947431,"Screw",2],[-1012972405,"Bug",3],[-384429379,"Hand",4]],[[0,"Default"],[1,"TransparentFX"],[2,"Ignore Raycast"],[4,"Water"],[5,"UI"],[6,"Bolt"],[7,"BarHole"],[8,"BoardHole"],[9,"Bar1"],[10,"Bar2"],[11,"Bar3"],[12,"Bar4"],[13,"Bar5"],[14,"Bar6"],[15,"Bar7"],[16,"VFX"],[17,"Bar8"],[18,"wall"],[19,"Bar9"],[20,"Bar10"],[21,"Ring"]],[0.0199999995529652,0.333333343267441,1,0.0299999993294477],[0,-9.8100004196167,0,6,2,0,1,[[0,0,0],[0,0,1],[0,0,2],[0,0,4],[0,0,5],[0,0,6],[0,0,7],[0,0,8],[0,0,9],[0,0,10],[0,0,11],[0,0,12],[0,0,13],[0,0,14],[0,0,15],[0,0,16],[0,0,17],[0,0,18],[0,0,19],[0,0,20],[0,0,21],[0,1,0],[0,1,1],[0,1,2],[0,1,4],[0,1,5],[0,1,6],[0,1,7],[0,1,8],[0,1,9],[0,1,10],[0,1,11],[0,1,12],[0,1,13],[0,1,14],[0,1,15],[0,1,16],[0,1,17],[0,1,18],[0,1,19],[0,1,20],[0,1,21],[0,2,0],[0,2,1],[0,2,2],[0,2,4],[0,2,5],[0,2,6],[0,2,7],[0,2,8],[0,2,9],[0,2,10],[0,2,11],[0,2,12],[0,2,13],[0,2,14],[0,2,15],[0,2,16],[0,2,17],[0,2,18],[0,2,19],[0,2,20],[0,2,21],[0,4,0],[0,4,1],[0,4,2],[0,4,4],[0,4,5],[0,4,6],[0,4,7],[0,4,8],[0,4,9],[0,4,10],[0,4,11],[0,4,12],[0,4,13],[0,4,14],[0,4,15],[0,4,16],[0,4,17],[0,4,18],[0,4,19],[0,4,20],[0,4,21],[0,5,0],[0,5,1],[0,5,2],[0,5,4],[0,5,5],[0,5,6],[0,5,7],[0,5,8],[0,5,9],[0,5,10],[0,5,11],[0,5,12],[0,5,13],[0,5,14],[0,5,15],[0,5,16],[0,5,17],[0,5,18],[0,5,19],[0,5,20],[0,5,21],[0,6,0],[0,6,1],[0,6,2],[0,6,4],[0,6,5],[0,6,6],[0,6,7],[0,6,8],[0,6,9],[0,6,10],[0,6,11],[0,6,12],[0,6,13],[0,6,14],[0,6,15],[0,6,16],[0,6,17],[0,6,18],[0,6,19],[0,6,20],[0,6,21],[0,7,0],[0,7,1],[0,7,2],[0,7,4],[0,7,5],[0,7,6],[0,7,7],[0,7,8],[0,7,9],[0,7,10],[0,7,11],[0,7,12],[0,7,13],[0,7,14],[0,7,15],[0,7,16],[0,7,17],[0,7,18],[0,7,19],[0,7,20],[0,7,21],[0,8,0],[0,8,1],[0,8,2],[0,8,4],[0,8,5],[0,8,6],[0,8,7],[0,8,8],[0,8,9],[0,8,10],[0,8,11],[0,8,12],[0,8,13],[0,8,14],[0,8,15],[0,8,16],[0,8,17],[0,8,18],[0,8,19],[0,8,20],[0,8,21],[0,9,0],[0,9,1],[0,9,2],[0,9,4],[0,9,5],[0,9,6],[0,9,7],[0,9,8],[0,9,9],[0,9,10],[0,9,11],[0,9,12],[0,9,13],[0,9,14],[0,9,15],[0,9,16],[0,9,17],[0,9,18],[0,9,19],[0,9,20],[0,9,21],[0,10,0],[0,10,1],[0,10,2],[0,10,4],[0,10,5],[0,10,6],[0,10,7],[0,10,8],[0,10,9],[0,10,10],[0,10,11],[0,10,12],[0,10,13],[0,10,14],[0,10,15],[0,10,16],[0,10,17],[0,10,18],[0,10,19],[0,10,20],[0,10,21],[0,11,0],[0,11,1],[0,11,2],[0,11,4],[0,11,5],[0,11,6],[0,11,7],[0,11,8],[0,11,9],[0,11,10],[0,11,11],[0,11,12],[0,11,13],[0,11,14],[0,11,15],[0,11,16],[0,11,17],[0,11,18],[0,11,19],[0,11,20],[0,11,21],[0,12,0],[0,12,1],[0,12,2],[0,12,4],[0,12,5],[0,12,6],[0,12,7],[0,12,8],[0,12,9],[0,12,10],[0,12,11],[0,12,12],[0,12,13],[0,12,14],[0,12,15],[0,12,16],[0,12,17],[0,12,18],[0,12,19],[0,12,20],[0,12,21],[0,13,0],[0,13,1],[0,13,2],[0,13,4],[0,13,5],[0,13,6],[0,13,7],[0,13,8],[0,13,9],[0,13,10],[0,13,11],[0,13,12],[0,13,13],[0,13,14],[0,13,15],[0,13,16],[0,13,17],[0,13,18],[0,13,19],[0,13,20],[0,13,21],[0,14,0],[0,14,1],[0,14,2],[0,14,4],[0,14,5],[0,14,6],[0,14,7],[0,14,8],[0,14,9],[0,14,10],[0,14,11],[0,14,12],[0,14,13],[0,14,14],[0,14,15],[0,14,16],[0,14,17],[0,14,18],[0,14,19],[0,14,20],[0,14,21],[0,15,0],[0,15,1],[0,15,2],[0,15,4],[0,15,5],[0,15,6],[0,15,7],[0,15,8],[0,15,9],[0,15,10],[0,15,11],[0,15,12],[0,15,13],[0,15,14],[0,15,15],[0,15,16],[0,15,17],[0,15,18],[0,15,19],[0,15,20],[0,15,21],[0,16,0],[0,16,1],[0,16,2],[0,16,4],[0,16,5],[0,16,6],[0,16,7],[0,16,8],[0,16,9],[0,16,10],[0,16,11],[0,16,12],[0,16,13],[0,16,14],[0,16,15],[0,16,16],[0,16,17],[0,16,18],[0,16,19],[0,16,20],[0,16,21],[0,17,0],[0,17,1],[0,17,2],[0,17,4],[0,17,5],[0,17,6],[0,17,7],[0,17,8],[0,17,9],[0,17,10],[0,17,11],[0,17,12],[0,17,13],[0,17,14],[0,17,15],[0,17,16],[0,17,17],[0,17,18],[0,17,19],[0,17,20],[0,17,21],[0,18,0],[0,18,1],[0,18,2],[0,18,4],[0,18,5],[0,18,6],[0,18,7],[0,18,8],[0,18,9],[0,18,10],[0,18,11],[0,18,12],[0,18,13],[0,18,14],[0,18,15],[0,18,16],[0,18,17],[0,18,18],[0,18,19],[0,18,20],[0,18,21],[0,19,0],[0,19,1],[0,19,2],[0,19,4],[0,19,5],[0,19,6],[0,19,7],[0,19,8],[0,19,9],[0,19,10],[0,19,11],[0,19,12],[0,19,13],[0,19,14],[0,19,15],[0,19,16],[0,19,17],[0,19,18],[0,19,19],[0,19,20],[0,19,21],[0,20,0],[0,20,1],[0,20,2],[0,20,4],[0,20,5],[0,20,6],[0,20,7],[0,20,8],[0,20,9],[0,20,10],[0,20,11],[0,20,12],[0,20,13],[0,20,14],[0,20,15],[0,20,16],[0,20,17],[0,20,18],[0,20,19],[0,20,20],[0,20,21],[0,21,0],[0,21,1],[0,21,2],[0,21,4],[0,21,5],[0,21,6],[0,21,7],[0,21,8],[0,21,9],[0,21,10],[0,21,11],[0,21,12],[0,21,13],[0,21,14],[0,21,15],[0,21,16],[0,21,17],[0,21,18],[0,21,19],[0,21,20],[0,21,21]]],[null,null,0,-9.8100004196167,3,8,1,0.200000002980232,8,100,360,0.200000002980232,0.75,0.5,0.00999999977648258,2,0.00999999977648258,1,1,1,1,1,0,[[0,0,0],[0,0,1],[0,0,2],[0,0,4],[0,0,5],[0,0,6],[1,0,7],[1,0,8],[0,0,9],[0,0,10],[0,0,11],[0,0,12],[0,0,13],[0,0,14],[0,0,15],[0,0,16],[0,0,17],[0,0,18],[0,0,19],[0,0,20],[0,0,21],[0,1,0],[0,1,1],[0,1,2],[0,1,4],[0,1,5],[0,1,6],[1,1,7],[1,1,8],[0,1,9],[0,1,10],[0,1,11],[0,1,12],[0,1,13],[0,1,14],[0,1,15],[0,1,16],[0,1,17],[0,1,18],[0,1,19],[0,1,20],[0,1,21],[0,2,0],[0,2,1],[0,2,2],[0,2,4],[0,2,5],[0,2,6],[1,2,7],[1,2,8],[0,2,9],[0,2,10],[0,2,11],[0,2,12],[0,2,13],[0,2,14],[0,2,15],[0,2,16],[0,2,17],[0,2,18],[0,2,19],[0,2,20],[0,2,21],[0,4,0],[0,4,1],[0,4,2],[0,4,4],[0,4,5],[0,4,6],[1,4,7],[1,4,8],[0,4,9],[0,4,10],[0,4,11],[0,4,12],[0,4,13],[0,4,14],[0,4,15],[0,4,16],[0,4,17],[0,4,18],[0,4,19],[0,4,20],[0,4,21],[0,5,0],[0,5,1],[0,5,2],[0,5,4],[0,5,5],[0,5,6],[1,5,7],[1,5,8],[0,5,9],[0,5,10],[0,5,11],[0,5,12],[0,5,13],[0,5,14],[0,5,15],[0,5,16],[0,5,17],[0,5,18],[0,5,19],[0,5,20],[0,5,21],[0,6,0],[0,6,1],[0,6,2],[0,6,4],[0,6,5],[0,6,6],[1,6,7],[1,6,8],[0,6,9],[0,6,10],[0,6,11],[0,6,12],[0,6,13],[0,6,14],[0,6,15],[0,6,16],[0,6,17],[0,6,18],[0,6,19],[0,6,20],[0,6,21],[1,7,0],[1,7,1],[1,7,2],[1,7,4],[1,7,5],[1,7,6],[1,7,7],[1,7,8],[1,7,9],[1,7,10],[1,7,11],[1,7,12],[1,7,13],[1,7,14],[1,7,15],[0,7,16],[1,7,17],[1,7,18],[1,7,19],[1,7,20],[1,7,21],[1,8,0],[1,8,1],[1,8,2],[1,8,4],[1,8,5],[1,8,6],[1,8,7],[1,8,8],[1,8,9],[1,8,10],[1,8,11],[1,8,12],[1,8,13],[1,8,14],[1,8,15],[0,8,16],[1,8,17],[1,8,18],[1,8,19],[1,8,20],[1,8,21],[0,9,0],[0,9,1],[0,9,2],[0,9,4],[0,9,5],[0,9,6],[1,9,7],[1,9,8],[1,9,9],[1,9,10],[1,9,11],[1,9,12],[1,9,13],[1,9,14],[1,9,15],[0,9,16],[1,9,17],[0,9,18],[1,9,19],[1,9,20],[1,9,21],[0,10,0],[0,10,1],[0,10,2],[0,10,4],[0,10,5],[0,10,6],[1,10,7],[1,10,8],[1,10,9],[1,10,10],[1,10,11],[1,10,12],[1,10,13],[1,10,14],[1,10,15],[0,10,16],[1,10,17],[0,10,18],[1,10,19],[1,10,20],[1,10,21],[0,11,0],[0,11,1],[0,11,2],[0,11,4],[0,11,5],[0,11,6],[1,11,7],[1,11,8],[1,11,9],[1,11,10],[1,11,11],[1,11,12],[1,11,13],[1,11,14],[1,11,15],[0,11,16],[1,11,17],[0,11,18],[1,11,19],[1,11,20],[1,11,21],[0,12,0],[0,12,1],[0,12,2],[0,12,4],[0,12,5],[0,12,6],[1,12,7],[1,12,8],[1,12,9],[1,12,10],[1,12,11],[1,12,12],[1,12,13],[1,12,14],[1,12,15],[0,12,16],[1,12,17],[0,12,18],[1,12,19],[1,12,20],[1,12,21],[0,13,0],[0,13,1],[0,13,2],[0,13,4],[0,13,5],[0,13,6],[1,13,7],[1,13,8],[1,13,9],[1,13,10],[1,13,11],[1,13,12],[1,13,13],[1,13,14],[1,13,15],[0,13,16],[1,13,17],[0,13,18],[1,13,19],[1,13,20],[1,13,21],[0,14,0],[0,14,1],[0,14,2],[0,14,4],[0,14,5],[0,14,6],[1,14,7],[1,14,8],[1,14,9],[1,14,10],[1,14,11],[1,14,12],[1,14,13],[1,14,14],[1,14,15],[0,14,16],[1,14,17],[0,14,18],[1,14,19],[1,14,20],[1,14,21],[0,15,0],[0,15,1],[0,15,2],[0,15,4],[0,15,5],[0,15,6],[1,15,7],[1,15,8],[1,15,9],[1,15,10],[1,15,11],[1,15,12],[1,15,13],[1,15,14],[1,15,15],[0,15,16],[1,15,17],[0,15,18],[1,15,19],[1,15,20],[1,15,21],[0,16,0],[0,16,1],[0,16,2],[0,16,4],[0,16,5],[0,16,6],[0,16,7],[0,16,8],[0,16,9],[0,16,10],[0,16,11],[0,16,12],[0,16,13],[0,16,14],[0,16,15],[0,16,16],[0,16,17],[0,16,18],[0,16,19],[0,16,20],[0,16,21],[0,17,0],[0,17,1],[0,17,2],[0,17,4],[0,17,5],[0,17,6],[1,17,7],[1,17,8],[1,17,9],[1,17,10],[1,17,11],[1,17,12],[1,17,13],[1,17,14],[1,17,15],[0,17,16],[1,17,17],[0,17,18],[1,17,19],[1,17,20],[1,17,21],[0,18,0],[0,18,1],[0,18,2],[0,18,4],[0,18,5],[0,18,6],[1,18,7],[1,18,8],[0,18,9],[0,18,10],[0,18,11],[0,18,12],[0,18,13],[0,18,14],[0,18,15],[0,18,16],[0,18,17],[0,18,18],[1,18,19],[1,18,20],[0,18,21],[0,19,0],[0,19,1],[0,19,2],[0,19,4],[0,19,5],[0,19,6],[1,19,7],[1,19,8],[1,19,9],[1,19,10],[1,19,11],[1,19,12],[1,19,13],[1,19,14],[1,19,15],[0,19,16],[1,19,17],[1,19,18],[1,19,19],[1,19,20],[1,19,21],[0,20,0],[0,20,1],[0,20,2],[0,20,4],[0,20,5],[0,20,6],[1,20,7],[1,20,8],[1,20,9],[1,20,10],[1,20,11],[1,20,12],[1,20,13],[1,20,14],[1,20,15],[0,20,16],[1,20,17],[1,20,18],[1,20,19],[1,20,20],[1,20,21],[0,21,0],[0,21,1],[0,21,2],[0,21,4],[0,21,5],[0,21,6],[1,21,7],[1,21,8],[1,21,9],[1,21,10],[1,21,11],[1,21,12],[1,21,13],[1,21,14],[1,21,15],[0,21,16],[1,21,17],[0,21,18],[1,21,19],[1,21,20],[1,21,21]]],[[[[],["Very Low","Low","Medium","High","Very High","Ultra"],0,0,0,0.300000011920929,1,15,0,1,0,0,0,0,0,1,2,4,0,0,0.333333343267441,0.0666666701436043,0.200000002980232,0.466666668653488,0,0,16,2,0,3,512,0,1,2,512,1,1024,0],[[],["Very Low","Low","Medium","High","Very High","Ultra"],0,0,0,0.400000005960464,1,20,0,1,0,0,0,0,0,0,2,16,0,0,0.333333343267441,0.0666666701436043,0.200000002980232,0.466666668653488,0,0,16,2,0,3,512,0,1,2,512,1,1024,1],[[],["Very Low","Low","Medium","High","Very High","Ultra"],1,1,0,0.699999988079071,1,20,0,1,0,0,0,0,0,0,2,64,1,0,0.333333343267441,0.0666666701436043,0.200000002980232,0.466666668653488,0,1,16,2,0,3,512,0,1,2,512,1,1024,2],[[],["Very Low","Low","Medium","High","Very High","Ultra"],2,1,0,1,2,40,1,1,1,0,1,0,0,0,2,256,2,1,0.333333343267441,0.0666666701436043,0.200000002980232,0.466666668653488,0,1,16,2,1,3,512,0,1,2,512,1,1024,3],[[],["Very Low","Low","Medium","High","Very High","Ultra"],2,2,2,1.5,2,70,1,1,2,1,1,0,0,0,2,1024,3,1,0.333333343267441,0.0666666701436043,0.200000002980232,0.466666668653488,0,1,16,2,1,3,512,0,1,2,512,1,1024,4],[[],["Very Low","Low","Medium","High","Very High","Ultra"],2,2,2,2,4,150,1,1,2,1,1,0,0,0,2,4096,4,1,0.333333343267441,0.0666666701436043,0.200000002980232,0.466666668653488,0,1,16,2,1,3,512,0,1,2,512,1,1024,5]],["Very Low","Low","Medium","High","Very High","Ultra"],2,2,2,2,4,150,1,1,2,1,1,0,0,0,2,4096,4,1,0.333333343267441,0.0666666701436043,0.200000002980232,0.466666668653488,0,1,16,2,1,3,512,0,1,2,512,1,1024,5],0,0,0,2,0,["Untagged","Respawn","Finish","EditorOnly","MainCamera","Player","GameController","Wall","Key"]]}]}